@@,name
+++,Yvonne Davis
+++,Will Metcalf
+++,Vikki Goodwin
+++,Victoria Neave
+++,Valoree Swanson
+++,Trey Martinez Fischer
+++,Trent Ashby
+++,Travis Clardy
+++,Tracy O. King
+++,Tony Tinderholt
+++,Toni Rose
+++,Tom Oliverson
+++,Tom Craddick
+++,Todd Hunter
+++,"Thresa ""Terry"" Meza"
+++,Terry Wilson
+++,Terry Canales
+++,Tan Parker
+++,Steve Toth
+++,Steve Allison
+++,Stephanie Klick
+++,Stan Lambert
+++,Sheryl Cole
+++,Shelby Slawson
+++,Shawn Thierry
+++,Sergio Jr. Muñoz
+++,Senfronia Thompson
+++,Scott Sanford
+++,Sam Harless
+++,Ryan Guillen
+++,Ron Reynolds
+++,Richard Peña Raymond
+++,Rhetta Bowers
+++,Reggie Smith
+++,Ray Lopez
+++,Ramon Jr. Romero
+++,Rafael Anchía
+++,Philip Cortez
+++,Phil Stephenson
+++,Phil King
+++,Penny Morales Shaw
+++,Oscar Longoria
+++,Nicole Collier
+++,Morgan Meyer
+++,Mike Schofield
+++,Michelle Beckley
+++,Mayes Middleton
+++,Matt Shaheen
+++,Matt Schaefer
+++,Matt Krause
+++,Mary González
+++,Mary Ann Perez
+++,Lynn Stucky
+++,Lyle Larson
+++,Leo Pacheco
+++,Lacey Hull
+++,Kyle Kacal
+++,Kyle Biedermann
+++,Ken King
+++,Keith Bell
+++,Justin Holland
+++,Julie Johnson
+++,Jon Rosenthal
+++,John Turner
+++,John T. Smithee
+++,John Raney
+++,John P. Cyrier
+++,John Kuempel
+++,John III Bucy
+++,John Frullo
+++,Joe Moody
+++,Joe Deshotel
+++,Jim Murphy
+++,Jessica González
+++,Jeff Leach
+++,Jeff Cason
+++,Jay Dean
+++,Jasmine Crockett
+++,Jarvis Johnson
+++,Jared Patterson
+++,James White
+++,James Talarico
+++,James Frank
+++,Jake Ellzey
+++,Jacey Jetton
+++,J. M. Lozano
+++,Ina Minjarez
+++,Hugh Shine
+++,Hubert Vo
+++,Harold V. Dutton Jr.
+++,Greg Bonnen
+++,Glenn Rogers
+++,Giovanni Capriglione
+++,Gina Hinojosa
+++,Gene Wu
+++,Geanie W. Morrison
+++,Gary VanDeaver
+++,Gary Gates
+++,Garnet F. Coleman
+++,Four Price
+++,"Evelina ""Lina"" Ortega"
+++,Ernest Bailes
+++,Erin Zwiener
+++,"Elizabeth ""Liz"" Campos"
+++,Eddie Rodriguez
+++,Eddie Morales
+++,Eddie Lucio III
+++,Ed Thompson
+++,Dustin Burrows
+++,Drew Darby
+++,Donna Howard
+++,Diego M. Bernal
+++,Dennis Paul
+++,DeWayne Burns
+++,David Spiller
+++,David Cook
+++,Dan Huberty
+++,Dade Phelan
+++,Craig Goldman
+++,Cole Hefner
+++,Cody Vasut
+++,Cody Harris
+++,Claudia Ordaz Perez
+++,Christina Morales
+++,Chris Turner
+++,Chris Paddie
+++,Charlie Geren
+++,"Charles ""Doc"" Anderson"
+++,Celia Israel
+++,Cecil Bell
+++,Carl Sr. Sherman
+++,Candy Noble
+++,Bryan Slaton
+++,Brooks Landgraf
+++,Briscoe Cain
+++,Brad Buckley
+++,Bobby Guerra
+++,Ben Leman
+++,Barbara Gervin-Hawkins
+++,Art Fierro
+++,Armando Walle
+++,"Armando ""Mando"" Martinez"
+++,Ann Johnson
+++,Angie Chen Button
+++,Andrew Murr
+++,Ana-Maria Ramos
+++,Ana Hernandez
+++,Alma A. Allen
+++,Alex Dominguez
+++,Abel Herrero
